{
    "intrinsic": {
        "width": 640,
        "height": 480,
        "K": [
            6.12692566e+02,
            0.0,
            3.23764923e+02,
            0.0,
            6.12443115e+02,
            2.33248459e+02,
            0.0,
            0.0,
            1.0
        ]
    }

}